Symbol,Volatility,TrendStrength,Noise,MA_Type,MA_Pair,Return,WinRate,Sharpe,MaxDD,Trades
ICICIBANK.NS,1.3,0.79,95.92,SMA,50/200,0.0,0.0,-0.52,-6.12,0
ITC.NS,2.31,20.13,23.21,EMA,12/26,0.0,0.0,-3.9,-22.97,0
MARUTI.NS,1.22,5.59,71.34,EMA,50/100,3.29,100.0,-0.95,-8.8,1
TATASTEEL.NS,1.6,8.43,65.99,EMA,10/20,5.54,100.0,1.23,-13.24,1
3MINDIA.NS,1.79,2.94,89.46,SMA,10/20,0.0,0.0,1.49,-8.27,0
ABB.NS,1.6,9.73,54.41,EMA,50/200,0.0,0.0,-1.82,-11.46,0
ACC.NS,1.03,1.31,91.51,SMA,12/26,0.0,0.0,-1.63,-11.33,0
ACMESOLAR.NS,1.42,13.87,45.39,EMA,10/20,1.68,100.0,-5.61,-30.6,1
AIAENG.NS,1.67,4.6,83.24,SMA,20/50,0.0,0.0,1.44,-9.01,0
APLAPOLLO.NS,1.32,1.08,94.79,SMA,12/26,3.13,100.0,1.26,-5.9,1
AUBANK.NS,1.64,2.14,89.83,SMA,10/20,0.0,0.0,2.77,-4.24,0
AWL.NS,0.9,11.83,33.74,EMA,10/20,1.7,100.0,-4.79,-24.74,1
AADHARHFC.NS,1.37,3.31,83.63,SMA,20/50,0.0,0.0,-1.86,-10.06,0
AARTIIND.NS,1.19,10.46,48.5,EMA,20/50,0.0,0.0,-1.58,-14.38,0
AAVAS.NS,0.83,8.18,37.33,EMA,20/50,0.0,0.0,-2.06,-20.25,0
ABBOTINDIA.NS,1.02,3.3,79.95,SMA,10/20,0.12,50.0,-1.84,-8.98,2
ACE.NS,1.68,17.34,43.58,EMA,10/20,0.0,0.0,-4.38,-28.9,0
ADANIENSOL.NS,1.75,9.58,67.89,EMA,12/26,0.0,0.0,-0.48,-16.3,0
ADANIENT.NS,1.33,8.57,56.37,EMA,10/20,0.0,0.0,-3.35,-20.3,0
ADANIGREEN.NS,1.47,13.43,39.07,EMA,10/20,-2.59,0.0,-2.22,-22.93,1
ADANIPORTS.NS,1.02,7.74,51.79,EMA,50/100,2.94,100.0,-1.64,-10.64,1
ADANIPOWER.NS,1.55,3.86,82.63,SMA,10/20,1.88,100.0,-4.43,-22.62,1
ATGL.NS,1.45,6.56,66.32,EMA,10/20,-1.21,0.0,-3.67,-17.3,1
ABCAPITAL.NS,1.21,0.33,98.14,SMA,20/50,0.0,0.0,2.14,-5.44,0
ABFRL.NS,1.88,16.94,41.15,EMA,50/200,0.0,0.0,-2.91,-24.2,0
ABLBL.NS,1.52,5.45,77.17,SMA,10/20,0.0,0.0,-2.75,-19.18,0
ABREL.NS,2.07,20.66,37.18,EMA,12/26,0.0,0.0,-1.96,-28.75,0
ABSLAMC.NS,2.54,1.07,97.25,SMA,10/20,4.86,100.0,-1.67,-17.6,1
AEGISLOG.NS,1.4,10.25,58.56,EMA,12/26,0.0,0.0,-3.35,-18.31,0
AEGISVOPAK.NS,1.64,19.12,34.89,EMA,10/20,0.0,0.0,-4.18,-30.87,0
AFCONS.NS,1.27,11.57,48.03,EMA,50/200,-1.84,0.0,-4.07,-23.54,1
AFFLE.NS,1.32,9.21,54.93,EMA,10/20,0.09,100.0,-2.57,-17.05,1
AJANTPHARM.NS,1.95,1.69,93.72,SMA,10/20,2.5,100.0,1.88,-9.1,1
AKUMS.NS,1.36,7.18,63.92,EMA,10/20,0.85,100.0,-1.38,-12.11,1
AKZOINDIA.NS,0.95,6.04,59.23,EMA,20/50,-0.09,0.0,-1.51,-18.92,1
APLLTD.NS,0.8,11.15,30.61,EMA,20/50,0.0,0.0,-3.43,-20.7,0
ALKEM.NS,1.14,1.63,90.28,SMA,10/20,0.32,100.0,0.28,-5.36,1
ALKYLAMINE.NS,2.31,0.63,98.3,SMA,10/20,0.0,0.0,-2.71,-19.43,0
ALOKINDS.NS,1.47,14.96,42.53,EMA,10/20,0.0,0.0,-3.4,-20.38,0
ARE&M.NS,1.01,8.63,51.88,EMA,10/20,0.0,0.0,-4.28,-15.75,0
AMBER.NS,1.92,13.15,55.54,EMA,10/20,0.0,0.0,-4.04,-32.16,0
AMBUJACEM.NS,1.3,1.72,90.96,SMA,12/26,1.54,100.0,-1.32,-8.36,1
ANANDRATHI.NS,0.91,0.29,97.96,SMA,12/26,2.08,100.0,-0.79,-11.98,1
ANANTRAJ.NS,2.47,7.99,78.11,SMA,12/26,0.53,100.0,-1.97,-22.62,1
ANGELONE.NS,2.97,1.2,97.17,SMA,12/26,0.0,0.0,0.74,-18.05,0
APARINDS.NS,1.19,19.84,12.03,EMA,20/50,3.92,100.0,-2.35,-25.5,1
APOLLOHOSP.NS,1.39,4.82,76.41,SMA,10/20,2.77,100.0,-3.71,-15.01,1
APOLLOTYRE.NS,1.71,1.9,92.47,SMA,20/50,0.0,0.0,-0.28,-7.97,0
APTUS.NS,1.28,7.87,61.32,EMA,20/50,0.0,0.0,-2.76,-18.08,0
ASAHIINDIA.NS,3.0,3.13,93.25,SMA,10/20,0.0,0.0,0.18,-15.08,0
ASHOKLEY.NS,1.54,3.38,84.26,SMA,10/20,0.0,0.0,4.19,-4.23,0
ASIANPAINT.NS,1.39,4.47,79.57,SMA,20/50,0.0,0.0,1.14,-10.36,0
ASTERDM.NS,1.95,4.8,82.92,SMA,12/26,0.0,0.0,-3.76,-23.7,0
ASTRAZEN.NS,1.31,9.65,54.1,EMA,12/26,1.79,100.0,-2.47,-16.41,1
ASTRAL.NS,1.8,3.49,87.4,SMA,20/50,0.0,0.0,-0.84,-14.98,0
ATHERENERG.NS,2.81,15.03,64.25,EMA,12/26,1.03,100.0,-1.88,-22.45,1
ATUL.NS,1.65,4.05,84.09,SMA,12/26,1.42,100.0,-0.43,-8.5,1
AUROPHARMA.NS,1.21,7.91,62.0,EMA,12/26,3.13,100.0,-0.17,-9.49,1
AIIL.NS,3.31,1.24,97.45,SMA,20/50,0.48,100.0,-1.06,-20.72,1
DMART.NS,1.52,3.78,79.57,SMA,10/20,0.0,0.0,-3.11,-14.7,0
AXISBANK.NS,1.05,4.78,69.55,EMA,50/200,1.43,100.0,0.69,-5.47,1
BASF.NS,1.14,8.95,51.81,EMA,10/20,0.0,0.0,-5.27,-21.51,0
BEML.NS,1.43,10.2,58.62,EMA,20/50,0.0,0.0,-3.17,-26.04,0
BLS.NS,1.34,11.9,48.65,EMA,50/200,0.0,0.0,-1.47,-15.27,0
BSE.NS,1.76,1.58,94.03,SMA,20/50,0.0,0.0,0.76,-11.88,0
BAJAJ-AUTO.NS,1.26,0.1,99.47,SMA,12/26,3.43,100.0,0.08,-6.24,1
BAJFINANCE.NS,1.2,7.46,57.18,EMA,10/20,0.0,0.0,-2.27,-14.71,0
BAJAJFINSV.NS,0.84,3.72,65.89,SMA,20/50,0.0,0.0,-1.83,-10.01,0
BAJAJHLDNG.NS,1.24,5.9,66.16,EMA,10/20,0.0,0.0,-2.1,-19.66,0
BAJAJHFL.NS,0.9,6.33,57.61,EMA,10/20,0.0,0.0,-4.54,-19.49,0
BALKRISIND.NS,0.94,5.13,64.22,EMA,50/200,0.0,0.0,0.95,-6.22,0
BALRAMCHIN.NS,1.42,9.65,58.92,EMA,20/50,0.0,0.0,-1.83,-15.7,0
BANDHANBNK.NS,1.01,5.71,61.77,EMA,10/20,0.0,0.0,-2.26,-22.86,0
BANKBARODA.NS,1.2,2.93,83.86,SMA,12/26,5.2,100.0,1.77,-4.73,1
BANKINDIA.NS,1.71,12.66,52.35,EMA,20/50,0.0,0.0,2.88,-7.19,0
MAHABANK.NS,1.73,13.28,50.89,EMA,50/100,4.13,100.0,1.64,-8.05,1
BATAINDIA.NS,0.65,7.09,38.69,EMA,10/20,0.0,0.0,-5.71,-24.43,0
BAYERCROP.NS,0.83,1.27,89.71,SMA,20/50,0.0,0.0,-2.47,-13.06,0
BERGEPAINT.NS,1.46,7.09,68.58,EMA,20/50,3.83,100.0,-0.37,-13.59,1
BDL.NS,1.35,4.19,76.7,SMA,12/26,2.19,100.0,-1.22,-17.94,1
BEL.NS,1.1,0.66,95.93,SMA,12/26,0.92,100.0,-0.5,-10.26,1
BHARATFORG.NS,1.04,4.86,70.39,EMA,10/20,0.0,0.0,1.94,-6.97,0
BHEL.NS,2.91,9.29,73.55,EMA,10/20,6.23,100.0,0.61,-17.59,1
BPCL.NS,1.56,3.81,82.48,SMA,10/20,0.11,100.0,0.93,-8.35,1
BHARTIARTL.NS,0.67,6.01,43.35,EMA,20/50,1.15,100.0,-0.53,-7.71,1
BHARTIHEXA.NS,1.62,9.41,63.02,EMA,10/20,2.88,100.0,-1.27,-17.55,2
BIKAJI.NS,1.32,10.8,41.98,EMA,10/20,2.41,100.0,-2.52,-12.9,1
BIOCON.NS,1.15,8.41,55.34,EMA,20/50,1.29,100.0,0.26,-13.46,1
BSOFT.NS,2.44,9.38,75.29,SMA,10/20,0.0,0.0,1.84,-11.32,0
BLUEDART.NS,1.23,3.7,81.1,SMA,20/50,0.0,0.0,-0.35,-21.21,0
BLUEJET.NS,1.62,17.71,37.82,EMA,10/20,0.0,0.0,-3.82,-34.26,0
BLUESTARCO.NS,1.43,3.58,84.86,SMA,50/200,0.0,0.0,-2.06,-14.86,0
BBTC.NS,1.75,6.97,75.01,SMA,10/20,2.11,100.0,-2.07,-19.76,1
BOSCHLTD.NS,2.35,2.94,88.96,SMA,50/200,0.0,0.0,-1.6,-10.88,0
FIRSTCRY.NS,1.69,7.7,69.05,EMA,10/20,0.0,0.0,-4.16,-25.97,0
BRIGADE.NS,1.44,12.38,50.44,EMA,12/26,0.0,0.0,-3.67,-26.0,0
BRITANNIA.NS,0.89,4.26,69.05,SMA,12/26,0.09,100.0,-1.15,-6.2,1
MAPMYINDIA.NS,1.92,22.02,40.75,EMA,20/50,0.0,0.0,-4.57,-28.28,0
CCL.NS,1.66,1.51,94.26,SMA,12/26,0.0,0.0,1.25,-14.8,0
CESC.NS,1.73,13.79,51.43,EMA,12/26,0.0,0.0,-2.83,-20.29,0
CGPOWER.NS,1.9,12.95,56.46,EMA,50/200,-2.9,0.0,-3.59,-23.45,1
CRISIL.NS,2.0,6.15,78.14,SMA,12/26,1.14,100.0,-1.31,-16.7,1
CAMPUS.NS,0.77,4.28,63.67,SMA,10/20,0.58,100.0,-2.33,-12.05,1
CANFINHOME.NS,1.87,3.31,89.03,SMA,10/20,0.0,0.0,1.35,-6.52,0
CANBK.NS,1.15,0.73,95.55,SMA,10/20,2.61,100.0,3.1,-6.04,1
CAPLIPOINT.NS,1.97,11.72,61.63,EMA,20/50,0.0,0.0,-2.34,-14.44,0
CGCL.NS,1.52,5.69,74.81,EMA,12/26,0.0,0.0,-2.43,-19.67,0
CARBORUNIV.NS,1.62,5.77,75.54,SMA,10/20,0.0,0.0,-1.78,-16.36,0
CASTROLIND.NS,1.03,1.9,87.3,SMA,20/50,0.0,0.0,-2.0,-8.88,0
CEATLTD.NS,2.26,8.58,76.22,SMA,10/20,0.0,0.0,-2.4,-17.61,0
CENTRALBK.NS,1.48,0.41,98.06,SMA,10/20,4.85,100.0,-1.0,-11.01,1
CDSL.NS,1.57,11.01,51.78,EMA,12/26,-1.11,50.0,-2.76,-19.4,2
CENTURYPLY.NS,1.33,10.62,53.54,EMA,10/20,1.66,100.0,-0.01,-13.99,1
CERA.NS,1.07,4.88,71.46,EMA,10/20,-0.5,0.0,-3.74,-20.31,1
CHALET.NS,1.45,3.79,82.27,SMA,20/50,0.0,0.0,-1.91,-12.91,0
CHAMBLFERT.NS,1.41,11.18,50.13,EMA,50/200,0.0,0.0,-2.23,-14.34,0
CHENNPETRO.NS,2.86,2.32,94.85,SMA,10/20,0.0,0.0,0.69,-28.62,0
CHOICEIN.NS,1.21,3.62,80.47,SMA,12/26,2.99,100.0,-0.45,-15.74,1
CHOLAHLDNG.NS,2.07,11.9,62.79,EMA,50/200,0.0,0.0,-1.31,-18.28,0
CHOLAFIN.NS,1.38,4.12,78.0,SMA,50/200,0.0,0.0,-0.24,-9.84,0
CIPLA.NS,1.22,8.47,50.64,EMA,12/26,0.0,0.0,-4.34,-17.67,0
CUB.NS,2.45,5.51,83.23,SMA,10/20,2.78,100.0,1.98,-12.01,1
CLEAN.NS,0.96,3.71,74.25,SMA,10/20,0.0,0.0,-3.53,-19.71,0
COALINDIA.NS,2.02,2.91,86.81,SMA,12/26,1.43,100.0,1.44,-4.59,1
COCHINSHIP.NS,1.3,11.03,39.92,EMA,10/20,-2.35,0.0,-2.76,-20.87,1
COFORGE.NS,1.76,3.94,85.13,SMA,12/26,0.0,0.0,-0.41,-16.98,0
COHANCE.NS,1.49,28.39,19.37,EMA,10/20,0.0,0.0,-10.47,-57.31,0
COLPAL.NS,1.29,1.42,91.78,SMA,12/26,0.0,0.0,-1.2,-9.54,0
CAMS.NS,1.38,7.83,65.96,EMA,20/50,0.0,0.0,-1.29,-12.74,0
CONCORDBIO.NS,1.57,8.68,64.02,EMA,12/26,0.0,0.0,-3.2,-19.16,0
CONCOR.NS,1.27,2.45,85.04,SMA,10/20,1.38,100.0,-1.34,-9.93,1
COROMANDEL.NS,1.72,5.77,74.54,EMA,20/50,2.68,50.0,0.64,-7.13,2
CRAFTSMAN.NS,2.83,4.77,88.34,SMA,12/26,0.0,0.0,1.27,-7.84,0
CREDITACC.NS,2.85,4.0,89.56,SMA,10/20,0.0,0.0,0.63,-16.34,0
CROMPTON.NS,1.62,9.77,60.19,EMA,10/20,0.0,0.0,-4.16,-20.83,0
CUMMINSIND.NS,1.61,9.43,56.32,EMA,12/26,0.0,0.0,0.12,-13.6,0
CYIENT.NS,2.04,0.14,99.49,SMA,20/50,0.0,0.0,0.23,-9.54,0
ASTERDM.NS,1.95,4.8,82.92,SMA,12/26,0.0,0.0,-3.76,-23.7,0
ASTRAZEN.NS,1.31,9.65,54.1,EMA,12/26,1.79,100.0,-2.47,-16.41,1
ASTRAL.NS,1.8,3.49,87.4,SMA,20/50,0.0,0.0,-0.84,-14.98,0
ATHERENERG.NS,2.81,15.03,64.25,EMA,12/26,1.03,100.0,-1.88,-22.45,1
ATUL.NS,1.65,4.05,84.09,SMA,12/26,1.42,100.0,-0.43,-8.5,1
AUROPHARMA.NS,1.21,7.91,62.0,EMA,12/26,3.13,100.0,-0.17,-9.49,1
AIIL.NS,3.31,1.24,97.45,SMA,20/50,0.48,100.0,-1.06,-20.72,1
DMART.NS,1.52,3.78,79.57,SMA,10/20,0.0,0.0,-3.11,-14.7,0
AXISBANK.NS,1.05,4.78,69.55,EMA,50/200,1.43,100.0,0.69,-5.47,1
BASF.NS,1.14,8.95,51.81,EMA,10/20,0.0,0.0,-5.27,-21.51,0
BEML.NS,1.43,10.2,58.62,EMA,20/50,0.0,0.0,-3.17,-26.04,0
BLS.NS,1.34,11.9,48.65,EMA,50/200,0.0,0.0,-1.47,-15.27,0
BSE.NS,1.76,1.58,94.03,SMA,20/50,0.0,0.0,0.76,-11.88,0
BAJAJ-AUTO.NS,1.26,0.1,99.47,SMA,12/26,3.43,100.0,0.08,-6.24,1
BAJFINANCE.NS,1.2,7.46,57.18,EMA,10/20,0.0,0.0,-2.27,-14.71,0
BAJAJFINSV.NS,0.84,3.72,65.89,SMA,20/50,0.0,0.0,-1.83,-10.01,0
BAJAJHLDNG.NS,1.24,5.9,66.16,EMA,10/20,0.0,0.0,-2.1,-19.66,0
BAJAJHFL.NS,0.9,6.33,57.61,EMA,10/20,0.0,0.0,-4.54,-19.49,0
BALKRISIND.NS,0.94,5.13,64.22,EMA,50/200,0.0,0.0,0.95,-6.22,0
BALRAMCHIN.NS,1.42,9.65,58.92,EMA,20/50,0.0,0.0,-1.83,-15.7,0
BANDHANBNK.NS,1.01,5.71,61.77,EMA,10/20,0.0,0.0,-2.26,-22.86,0
BANKBARODA.NS,1.2,2.93,83.86,SMA,12/26,5.2,100.0,1.77,-4.73,1
BANKINDIA.NS,1.71,12.66,52.35,EMA,20/50,0.0,0.0,2.88,-7.19,0
MAHABANK.NS,1.73,13.28,50.89,EMA,50/100,4.13,100.0,1.64,-8.05,1
BATAINDIA.NS,0.65,7.09,38.69,EMA,10/20,0.0,0.0,-5.71,-24.43,0
BAYERCROP.NS,0.83,1.27,89.71,SMA,20/50,0.0,0.0,-2.47,-13.06,0
BERGEPAINT.NS,1.46,7.09,68.58,EMA,20/50,3.83,100.0,-0.37,-13.59,1
BDL.NS,1.35,4.19,76.7,SMA,12/26,2.19,100.0,-1.22,-17.94,1
BEL.NS,1.1,0.66,95.93,SMA,12/26,0.92,100.0,-0.5,-10.26,1
BHARATFORG.NS,1.04,4.86,70.39,EMA,10/20,0.0,0.0,1.94,-6.97,0
BHEL.NS,2.91,9.29,73.55,EMA,10/20,6.23,100.0,0.61,-17.59,1
BPCL.NS,1.56,3.81,82.48,SMA,10/20,0.11,100.0,0.93,-8.35,1
BHARTIARTL.NS,0.67,6.01,43.35,EMA,20/50,1.15,100.0,-0.53,-7.71,1
BHARTIHEXA.NS,1.62,9.41,63.02,EMA,10/20,2.88,100.0,-1.27,-17.55,2
BIKAJI.NS,1.32,10.8,41.98,EMA,10/20,2.41,100.0,-2.52,-12.9,1
BIOCON.NS,1.15,8.41,55.34,EMA,20/50,1.29,100.0,0.26,-13.46,1
BSOFT.NS,2.44,9.38,75.29,SMA,10/20,0.0,0.0,1.84,-11.32,0
BLUEDART.NS,1.23,3.7,81.1,SMA,20/50,0.0,0.0,-0.35,-21.21,0
BLUEJET.NS,1.62,17.71,37.82,EMA,10/20,0.0,0.0,-3.82,-34.26,0
BLUESTARCO.NS,1.43,3.58,84.86,SMA,50/200,0.0,0.0,-2.06,-14.86,0
BBTC.NS,1.75,6.97,75.01,SMA,10/20,2.11,100.0,-2.07,-19.76,1
BOSCHLTD.NS,2.35,2.94,88.96,SMA,50/200,0.0,0.0,-1.6,-10.88,0
FIRSTCRY.NS,1.69,7.7,69.05,EMA,10/20,0.0,0.0,-4.16,-25.97,0
BRIGADE.NS,1.44,12.38,50.44,EMA,12/26,0.0,0.0,-3.67,-26.0,0
BRITANNIA.NS,0.89,4.26,69.05,SMA,12/26,0.09,100.0,-1.15,-6.2,1
MAPMYINDIA.NS,1.92,22.02,40.75,EMA,20/50,0.0,0.0,-4.57,-28.28,0
CCL.NS,1.66,1.51,94.26,SMA,12/26,0.0,0.0,1.25,-14.8,0
CESC.NS,1.73,13.79,51.43,EMA,12/26,0.0,0.0,-2.83,-20.29,0
CGPOWER.NS,1.9,12.95,56.46,EMA,50/200,-2.9,0.0,-3.59,-23.45,1
CRISIL.NS,2.0,6.15,78.14,SMA,12/26,1.14,100.0,-1.31,-16.7,1
CAMPUS.NS,0.77,4.28,63.67,SMA,10/20,0.58,100.0,-2.33,-12.05,1
CANFINHOME.NS,1.87,3.31,89.03,SMA,10/20,0.0,0.0,1.35,-6.52,0
CANBK.NS,1.15,0.73,95.55,SMA,10/20,2.61,100.0,3.1,-6.04,1
CAPLIPOINT.NS,1.97,11.72,61.63,EMA,20/50,0.0,0.0,-2.34,-14.44,0
CGCL.NS,1.52,5.69,74.81,EMA,12/26,0.0,0.0,-2.43,-19.67,0
CARBORUNIV.NS,1.62,5.77,75.54,SMA,10/20,0.0,0.0,-1.78,-16.36,0
CASTROLIND.NS,1.03,1.9,87.3,SMA,20/50,0.0,0.0,-2.0,-8.88,0
CEATLTD.NS,2.26,8.58,76.22,SMA,10/20,0.0,0.0,-2.4,-17.61,0
CENTRALBK.NS,1.48,0.41,98.06,SMA,10/20,4.85,100.0,-1.0,-11.01,1
CDSL.NS,1.57,11.01,51.78,EMA,12/26,-1.11,50.0,-2.76,-19.4,2
CENTURYPLY.NS,1.33,10.62,53.54,EMA,10/20,1.66,100.0,-0.01,-13.99,1
CERA.NS,1.07,4.88,71.46,EMA,10/20,-0.5,0.0,-3.74,-20.31,1
CHALET.NS,1.45,3.79,82.27,SMA,20/50,0.0,0.0,-1.91,-12.91,0
CHAMBLFERT.NS,1.41,11.18,50.13,EMA,50/200,0.0,0.0,-2.23,-14.34,0
CHENNPETRO.NS,2.86,2.32,94.85,SMA,10/20,0.0,0.0,0.69,-28.62,0
CHOICEIN.NS,1.21,3.62,80.47,SMA,12/26,2.99,100.0,-0.45,-15.74,1
CHOLAHLDNG.NS,2.07,11.9,62.79,EMA,50/200,0.0,0.0,-1.31,-18.28,0
CHOLAFIN.NS,1.38,4.12,78.0,SMA,50/200,0.0,0.0,-0.24,-9.84,0
CIPLA.NS,1.22,8.47,50.64,EMA,12/26,0.0,0.0,-4.34,-17.67,0
CUB.NS,2.45,5.51,83.23,SMA,10/20,2.78,100.0,1.98,-12.01,1
CLEAN.NS,0.96,3.71,74.25,SMA,10/20,0.0,0.0,-3.53,-19.71,0
COALINDIA.NS,2.02,2.91,86.81,SMA,12/26,1.43,100.0,1.44,-4.59,1
COCHINSHIP.NS,1.3,11.03,39.92,EMA,10/20,-2.35,0.0,-2.76,-20.87,1
COFORGE.NS,1.76,3.94,85.13,SMA,12/26,0.0,0.0,-0.41,-16.98,0
COHANCE.NS,1.49,28.39,19.37,EMA,10/20,0.0,0.0,-10.47,-57.31,0
COLPAL.NS,1.29,1.42,91.78,SMA,12/26,0.0,0.0,-1.2,-9.54,0
CAMS.NS,1.38,7.83,65.96,EMA,20/50,0.0,0.0,-1.29,-12.74,0
CONCORDBIO.NS,1.57,8.68,64.02,EMA,12/26,0.0,0.0,-3.2,-19.16,0
CONCOR.NS,1.27,2.45,85.04,SMA,10/20,1.38,100.0,-1.34,-9.93,1
COROMANDEL.NS,1.72,5.77,74.54,EMA,20/50,2.68,50.0,0.64,-7.13,2
CRAFTSMAN.NS,2.83,4.77,88.34,SMA,12/26,0.0,0.0,1.27,-7.84,0
CREDITACC.NS,2.85,4.0,89.56,SMA,10/20,0.0,0.0,0.63,-16.34,0
CROMPTON.NS,1.62,9.77,60.19,EMA,10/20,0.0,0.0,-4.16,-20.83,0
CUMMINSIND.NS,1.61,9.43,56.32,EMA,12/26,0.0,0.0,0.12,-13.6,0
CYIENT.NS,2.04,0.14,99.49,SMA,20/50,0.0,0.0,0.23,-9.54,0
DCMSHRIRAM.NS,1.15,12.52,32.84,EMA,20/50,2.84,50.0,-1.34,-16.0,2
DLF.NS,1.46,11.12,49.48,EMA,20/50,0.0,0.0,-3.98,-21.37,0
DOMS.NS,1.8,6.81,75.31,SMA,20/50,0.0,0.0,-0.68,-10.27,0
DABUR.NS,1.35,5.23,68.7,EMA,12/26,2.37,100.0,0.38,-7.02,2
DALBHARAT.NS,1.47,5.83,74.48,EMA,10/20,0.05,100.0,0.47,-10.85,1
DATAPATTNS.NS,2.52,17.12,47.93,EMA,10/20,3.68,100.0,-2.67,-28.89,1
DEEPAKFERT.NS,2.11,8.16,71.01,EMA,10/20,4.16,100.0,-3.3,-24.6,1
DEEPAKNTR.NS,1.53,8.6,63.14,EMA,10/20,2.68,100.0,-1.79,-14.01,1
DELHIVERY.NS,1.57,6.8,70.35,EMA,50/200,0.0,0.0,-2.79,-21.93,0
DEVYANI.NS,1.97,13.8,51.44,EMA,10/20,6.6,100.0,-3.07,-25.45,1
DIVISLAB.NS,1.38,7.49,61.36,EMA,20/50,-0.86,0.0,-1.96,-12.69,1
DIXON.NS,2.1,16.72,51.65,EMA,10/20,0.0,0.0,-4.75,-34.77,0
AGARWALEYE.NS,1.16,5.76,68.15,EMA,12/26,0.0,0.0,-2.22,-13.11,0
LALPATHLAB.NS,1.67,0.67,97.59,SMA,20/50,0.0,0.0,-1.73,-15.19,0
DRREDDY.NS,0.88,8.58,34.8,EMA,10/20,1.91,100.0,-2.78,-10.93,1
EIDPARRY.NS,1.11,14.45,21.75,EMA,50/200,0.0,0.0,-2.14,-16.66,0
EIHOTEL.NS,0.89,9.06,43.8,EMA,10/20,-2.57,0.0,-3.58,-17.45,1
EICHERMOT.NS,0.92,2.36,82.98,SMA,12/26,0.0,0.0,0.46,-5.84,0
ELECON.NS,4.41,21.24,61.59,EMA,12/26,0.0,0.0,-3.1,-34.09,0
ELGIEQUIP.NS,1.76,8.76,68.37,EMA,10/20,1.51,100.0,-1.49,-19.26,1
EMAMILTD.NS,1.25,5.8,70.18,EMA,20/50,0.0,0.0,-2.01,-10.91,0
EMCURE.NS,1.99,9.21,73.26,EMA,10/20,8.23,75.0,2.25,-6.25,4
ENDURANCE.NS,1.27,5.62,71.49,EMA,10/20,0.0,0.0,-2.47,-17.6,0
ENGINERSIN.NS,1.78,11.23,58.04,EMA,50/100,1.16,100.0,-1.37,-13.67,2
ERIS.NS,1.27,10.79,45.91,EMA,50/200,2.75,100.0,-2.02,-18.74,1
ESCORTS.NS,1.49,4.11,82.15,SMA,20/50,0.0,0.0,-0.46,-11.51,0
ETERNAL.NS,2.18,0.3,99.05,SMA,12/26,0.0,0.0,-2.19,-20.26,0
EXIDEIND.NS,1.12,11.22,41.2,EMA,10/20,0.0,0.0,-4.36,-18.38,0
NYKAA.NS,1.34,6.32,64.85,EMA,10/20,8.84,100.0,-1.2,-12.47,2
FEDERALBNK.NS,2.56,5.48,80.78,SMA,10/20,0.0,0.0,3.01,-8.29,0
FACT.NS,1.54,9.49,60.49,EMA,10/20,-2.79,33.33,-1.25,-13.21,3
FINCABLES.NS,2.02,7.75,72.88,EMA,50/200,0.0,0.0,-1.6,-10.45,0
FINPIPE.NS,1.17,3.1,82.97,SMA,10/20,3.77,100.0,-1.96,-14.77,1
FSL.NS,1.97,11.44,64.65,EMA,20/50,6.41,100.0,-1.43,-15.5,1
FIVESTAR.NS,1.3,7.39,64.97,EMA,10/20,3.66,100.0,-0.82,-23.28,1
FORCEMOT.NS,3.11,8.11,83.01,SMA,10/20,0.52,100.0,1.44,-11.87,1
FORTIS.NS,1.66,6.49,73.89,EMA,20/50,0.0,0.0,-4.08,-23.11,0
GAIL.NS,1.21,4.87,71.71,EMA,10/20,0.0,0.0,-1.73,-13.0,0
GVT&D.NS,2.63,19.14,52.96,EMA,50/200,4.0,50.0,-1.67,-20.95,2
GMRAIRPORT.NS,1.38,8.96,51.53,EMA,10/20,0.0,0.0,0.41,-13.39,0
GRSE.NS,1.54,7.32,65.45,EMA,12/26,4.33,100.0,-1.63,-23.93,1
GICRE.NS,1.23,0.59,96.49,SMA,12/26,0.0,0.0,-0.79,-8.87,0
GILLETTE.NS,1.81,2.35,92.0,SMA,12/26,0.0,0.0,-2.24,-16.67,0
GLAND.NS,1.44,0.28,98.7,SMA,10/20,3.23,100.0,-2.29,-16.33,1
GLAXO.NS,1.67,8.38,68.15,EMA,12/26,0.07,100.0,-3.42,-17.59,1
GLENMARK.NS,1.39,3.9,81.09,SMA,10/20,3.49,100.0,1.3,-8.43,1
MEDANTA.NS,1.98,12.01,65.69,EMA,20/50,0.0,0.0,-3.71,-24.73,0
GODIGIT.NS,1.15,7.86,56.1,EMA,50/200,-1.25,0.0,-2.58,-12.34,1
GPIL.NS,2.15,3.86,88.11,SMA,12/26,1.07,100.0,-0.4,-19.97,1
GODFRYPHLP.NS,4.36,26.6,50.81,EMA,10/20,0.0,0.0,-3.94,-38.97,0
GODREJAGRO.NS,1.38,8.43,59.88,EMA,10/20,0.0,0.0,-3.66,-22.94,0
GODREJCP.NS,0.78,2.54,80.22,SMA,12/26,2.44,100.0,1.75,-5.29,1
GODREJIND.NS,1.83,0.21,99.24,SMA,20/50,0.0,0.0,-1.49,-14.24,0
GODREJPROP.NS,2.41,18.03,51.1,EMA,20/50,-1.16,0.0,-4.03,-28.85,1
GRANULES.NS,1.76,12.57,57.01,EMA,20/50,5.95,100.0,-0.92,-13.19,1
GRAPHITE.NS,3.07,8.77,79.9,SMA,12/26,2.75,100.0,1.03,-17.28,1
GRASIM.NS,0.92,3.23,77.49,SMA,50/200,0.0,0.0,-0.88,-9.19,0
GRAVITA.NS,1.38,15.79,32.51,EMA,10/20,-0.71,0.0,-0.21,-17.15,1
GESHIP.NS,1.42,1.31,93.79,SMA,12/26,1.98,100.0,1.1,-7.62,1
FLUOROCHEM.NS,1.07,10.83,38.09,EMA,10/20,2.82,100.0,-2.17,-13.72,1
GUJGASLTD.NS,1.99,1.94,93.66,SMA,10/20,3.46,100.0,-1.4,-10.53,1
GMDCLTD.NS,2.86,1.71,95.35,SMA,10/20,7.08,100.0,-1.22,-21.79,1
GSPL.NS,1.67,0.63,97.55,SMA,10/20,5.0,100.0,-1.58,-10.67,1
HEG.NS,2.9,0.51,98.81,SMA,10/20,4.91,100.0,0.88,-15.92,1
HBLENGINE.NS,3.6,19.47,65.47,EMA,10/20,0.61,50.0,-1.93,-36.43,2
HCLTECH.NS,1.15,1.19,92.94,SMA,10/20,0.0,0.0,2.55,-4.8,0
HDFCAMC.NS,1.31,6.78,66.08,EMA,12/26,0.0,0.0,-2.13,-13.24,0
HDFCBANK.NS,0.82,7.71,36.45,EMA,20/50,0.0,0.0,-2.84,-8.83,0
HDFCLIFE.NS,0.98,4.1,73.97,SMA,10/20,0.0,0.0,-0.5,-8.02,0
HFCL.NS,3.38,3.46,93.62,SMA,10/20,2.69,100.0,-2.33,-23.38,1
HAPPSTMNDS.NS,1.49,15.45,43.88,EMA,10/20,0.0,0.0,-3.43,-21.2,0
HAVELLS.NS,1.99,7.61,69.05,EMA,50/200,0.0,0.0,-2.02,-12.81,0
HEROMOTOCO.NS,1.41,2.81,87.24,SMA,10/20,1.18,50.0,-0.34,-12.35,2
HEXT.NS,1.76,4.48,84.27,SMA,10/20,4.35,100.0,-0.51,-10.99,1
HSCL.NS,1.15,6.52,61.77,EMA,50/100,1.57,100.0,-0.64,-13.17,1
HINDALCO.NS,1.64,8.65,66.81,EMA,20/50,0.0,0.0,2.91,-10.07,0
HAL.NS,1.34,3.66,81.17,SMA,10/20,0.0,0.0,-2.26,-13.04,0
HINDCOPPER.NS,4.05,27.66,57.22,EMA,20/50,-0.16,0.0,3.71,-12.9,1
HINDPETRO.NS,2.42,8.85,73.56,EMA,10/20,3.11,50.0,-0.75,-14.03,2
HINDUNILVR.NS,1.06,3.76,77.37,SMA,10/20,0.63,50.0,-2.16,-12.95,2
HINDZINC.NS,2.67,11.63,73.17,EMA,50/200,0.99,50.0,4.2,-8.32,2
POWERINDIA.NS,2.49,9.4,74.7,EMA,10/20,7.59,100.0,-0.2,-28.75,1
HOMEFIRST.NS,1.47,7.43,66.62,EMA,12/26,0.0,0.0,-2.25,-18.22,0
HONASA.NS,2.14,0.35,98.99,SMA,10/20,1.99,100.0,0.1,-14.24,1
HONAUT.NS,0.92,0.42,97.16,SMA,10/20,0.0,0.0,-1.61,-12.27,0
HUDCO.NS,1.78,6.05,78.61,SMA,12/26,0.45,100.0,-1.2,-15.83,1
HYUNDAI.NS,1.33,1.22,93.47,SMA,20/50,0.0,0.0,-0.38,-7.16,0
ICICIBANK.NS,1.3,0.79,95.92,SMA,50/200,0.0,0.0,-0.52,-6.12,0
ICICIGI.NS,1.16,6.4,65.76,EMA,12/26,-0.3,0.0,-1.91,-10.2,1
ICICIPRULI.NS,1.08,0.76,95.33,SMA,20/50,0.0,0.0,1.85,-6.01,0
IDBI.NS,3.22,2.69,93.03,SMA,12/26,2.22,100.0,0.57,-16.8,1
IDFCFIRSTB.NS,0.96,3.24,77.65,SMA,12/26,2.03,100.0,1.25,-5.3,1
IFCI.NS,4.73,10.34,83.06,SMA,10/20,0.7,100.0,0.51,-19.22,1
IIFL.NS,1.68,3.44,86.54,SMA,10/20,1.17,100.0,3.17,-6.36,1
INOXINDIA.NS,1.51,1.29,94.64,SMA,10/20,0.0,0.0,-1.3,-11.53,0
IRB.NS,1.28,8.22,60.61,EMA,20/50,0.0,0.0,-1.89,-13.58,0
IRCON.NS,2.24,10.47,67.99,EMA,20/50,3.91,100.0,-1.56,-17.45,1
ITCHOTELS.NS,1.65,3.78,84.66,SMA,12/26,0.0,0.0,-3.41,-19.92,0
ITC.NS,2.31,20.13,23.21,EMA,12/26,0.0,0.0,-3.9,-22.97,0
ITI.NS,1.18,8.46,52.48,EMA,20/50,0.0,0.0,-1.86,-14.54,0
INDGN.NS,1.07,8.13,42.24,EMA,20/50,0.0,0.0,-3.35,-13.85,0
INDIACEM.NS,1.77,3.85,86.09,SMA,12/26,0.0,0.0,1.83,-9.88,0
INDIAMART.NS,2.72,1.52,95.44,SMA,10/20,0.0,0.0,-0.51,-15.57,0
INDIANB.NS,1.87,9.44,63.93,EMA,50/100,0.0,0.0,0.76,-13.14,0
IEX.NS,3.63,7.7,83.39,SMA,10/20,0.55,50.0,-0.51,-16.61,2
INDHOTEL.NS,1.41,11.69,51.8,EMA,50/200,0.0,0.0,-2.12,-13.89,0
IOC.NS,1.35,1.46,92.06,SMA,20/50,0.0,0.0,1.17,-6.91,0
IOB.NS,1.86,1.74,92.55,SMA,12/26,0.0,0.0,-2.32,-16.79,0
IRCTC.NS,1.63,9.7,58.34,EMA,20/50,-0.1,0.0,-2.98,-15.48,1
IRFC.NS,3.01,5.23,85.36,SMA,10/20,10.23,100.0,-2.72,-16.32,1
IREDA.NS,2.3,7.76,79.17,SMA,12/26,5.02,100.0,-3.69,-22.19,1
IGL.NS,1.08,8.92,50.95,EMA,10/20,0.0,0.0,-2.59,-17.99,0
INDUSTOWER.NS,1.54,2.34,89.01,SMA,12/26,0.0,0.0,2.21,-6.35,0
INDUSINDBK.NS,1.92,6.97,74.55,EMA,10/20,2.69,100.0,2.35,-5.11,1
NAUKRI.NS,1.35,2.48,88.64,SMA,20/50,0.0,0.0,0.34,-6.56,0
INFY.NS,1.6,0.54,97.19,SMA,10/20,0.0,0.0,2.41,-5.55,0
INOXWIND.NS,2.06,17.4,51.04,EMA,10/20,0.0,0.0,-4.78,-33.42,0
INTELLECT.NS,2.42,11.43,70.9,EMA,10/20,7.52,100.0,-1.04,-25.31,1
INDIGO.NS,1.51,4.41,78.26,SMA,10/20,2.33,100.0,-2.63,-20.33,1
IGIL.NS,1.67,9.49,63.83,EMA,12/26,0.91,100.0,-1.62,-20.45,1
IKS.NS,1.42,4.84,76.24,SMA,20/50,0.0,0.0,1.13,-7.97,0
IPCALAB.NS,1.94,4.68,84.56,SMA,20/50,0.0,0.0,1.69,-6.31,0
JBCHEPHARM.NS,1.25,3.81,79.81,SMA,12/26,0.0,0.0,2.13,-5.4,0
JKCEMENT.NS,2.46,0.94,97.47,SMA,12/26,3.8,100.0,-1.96,-16.73,1
JBMA.NS,2.81,13.68,70.14,EMA,50/200,-1.93,0.0,-1.58,-20.13,1
JKTYRE.NS,1.14,0.46,97.22,SMA,10/20,0.0,0.0,2.85,-6.12,0
JMFINANCIL.NS,1.93,12.26,62.27,EMA,20/50,0.0,0.0,-3.08,-25.13,0
JSWENERGY.NS,1.63,1.35,94.41,SMA,12/26,0.74,100.0,-1.19,-16.17,1
JSWINFRA.NS,1.85,6.77,74.66,EMA,10/20,0.59,100.0,-2.49,-16.25,1
JSWSTEEL.NS,1.54,7.63,62.99,EMA,50/200,-0.96,0.0,0.1,-10.8,1
JPPOWER.NS,1.42,13.69,49.12,EMA,20/50,1.3,100.0,-2.09,-29.76,1
J&KBANK.NS,1.61,3.68,83.51,SMA,20/50,0.0,0.0,-0.56,-9.9,0
JINDALSAW.NS,4.05,16.09,61.32,EMA,10/20,0.14,100.0,0.02,-18.73,1
JSL.NS,2.56,5.63,83.31,SMA,10/20,0.0,0.0,-0.68,-13.37,0
JINDALSTEL.NS,1.95,4.24,83.54,SMA,10/20,0.31,100.0,0.43,-9.36,1
JIOFIN.NS,1.52,11.87,51.49,EMA,12/26,0.0,0.0,-3.25,-16.4,0
JUBLFOOD.NS,1.09,9.96,43.84,EMA,50/200,-1.88,0.0,-1.97,-16.83,1
JUBLINGREA.NS,1.97,8.57,73.36,EMA,20/50,4.76,66.67,-0.73,-13.45,3
JUBLPHARMA.NS,1.93,11.23,62.67,EMA,50/200,0.0,0.0,-2.28,-19.84,0
JWL.NS,3.63,8.35,82.3,SMA,50/200,0.0,0.0,0.02,-23.2,0
JYOTHYLAB.NS,1.45,12.1,51.22,EMA,10/20,0.0,0.0,-5.63,-23.56,0
JYOTICNC.NS,1.87,16.5,28.73,EMA,20/50,3.31,100.0,-1.29,-20.6,1
KPRMILL.NS,2.43,8.69,76.41,SMA,10/20,0.0,0.0,-1.92,-27.53,0
KEI.NS,1.86,10.65,58.87,EMA,12/26,4.39,100.0,-0.63,-13.2,2
KPITTECH.NS,1.87,8.41,68.82,EMA,20/50,0.0,0.0,-0.3,-12.2,0
KSB.NS,1.4,11.27,53.13,EMA,20/50,0.0,0.0,-2.36,-15.43,0
KAJARIACER.NS,1.29,0.99,93.62,SMA,12/26,0.0,0.0,-4.38,-21.02,0
KPIL.NS,1.72,8.4,68.78,EMA,50/200,-1.83,0.0,-2.48,-17.73,1
KALYANKJIL.NS,3.13,18.61,52.56,EMA,10/20,2.2,100.0,-2.52,-25.4,1
KARURVYSYA.NS,2.12,1.86,94.09,SMA,20/50,0.0,0.0,0.73,-8.17,0
KAYNES.NS,1.73,15.24,44.74,EMA,10/20,0.0,0.0,-4.19,-49.68,0
KEC.NS,1.82,12.12,55.61,EMA,20/50,0.0,0.0,-2.79,-23.73,0
KFINTECH.NS,1.11,8.33,49.28,EMA,20/50,0.0,0.0,-1.63,-14.85,0
KIRLOSBROS.NS,1.62,8.16,64.38,EMA,10/20,0.0,0.0,-3.39,-25.14,0
KIRLOSENG.NS,1.91,12.71,61.02,EMA,10/20,0.0,0.0,1.94,-16.23,0
KOTAKBANK.NS,0.98,2.57,80.71,SMA,10/20,0.46,100.0,-1.29,-7.0,1
KIMS.NS,1.8,3.21,88.71,SMA,10/20,0.55,100.0,-2.54,-17.86,1
LTF.NS,1.85,7.22,74.42,EMA,10/20,3.54,100.0,0.63,-12.16,1
LTTS.NS,2.07,15.39,46.01,EMA,50/100,4.88,100.0,-0.75,-18.53,1
LICHSGFIN.NS,1.35,6.04,67.72,EMA,10/20,0.0,0.0,-2.52,-14.59,0
LTFOODS.NS,1.9,16.62,46.98,EMA,10/20,0.0,0.0,-3.58,-21.73,0
LTIM.NS,2.18,5.18,81.57,SMA,12/26,0.0,0.0,0.95,-8.79,0
LT.NS,1.15,7.08,52.15,EMA,10/20,0.0,0.0,-0.75,-9.53,0
LATENTVIEW.NS,1.44,14.13,34.87,EMA,10/20,-0.04,50.0,-0.42,-20.99,2
LAURUSLABS.NS,1.87,8.93,67.98,EMA,10/20,0.0,0.0,1.21,-12.46,0
THELEELA.NS,2.25,2.2,93.94,SMA,20/50,2.62,100.0,-0.98,-11.5,1
LEMONTREE.NS,1.77,19.39,38.45,EMA,20/50,0.0,0.0,-3.24,-22.09,0
LICI.NS,0.78,5.19,57.96,EMA,10/20,0.0,0.0,-2.3,-12.44,0
LINDEINDIA.NS,1.26,0.26,98.53,SMA,12/26,0.67,50.0,-0.27,-7.21,2
LLOYDSME.NS,2.11,16.94,48.47,EMA,12/26,2.68,100.0,-2.06,-17.78,1
LODHA.NS,1.94,9.25,65.23,EMA,10/20,-1.06,0.0,-2.87,-20.54,1
LUPIN.NS,1.23,1.6,90.18,SMA,10/20,0.0,0.0,2.33,-3.32,0
MMTC.NS,5.07,14.46,78.0,SMA,20/50,0.6,100.0,-0.11,-22.91,1
MRF.NS,0.98,8.68,50.6,EMA,10/20,0.0,0.0,-4.1,-13.7,0
MGL.NS,1.6,2.11,90.79,SMA,12/26,0.0,0.0,-2.64,-19.67,0
MAHSCOOTER.NS,2.39,6.03,79.68,SMA,12/26,0.0,0.0,-2.87,-24.72,0
MAHSEAMLES.NS,1.16,6.49,60.01,EMA,20/50,0.0,0.0,-2.09,-12.95,0
M&MFIN.NS,2.2,10.27,69.67,EMA,10/20,0.31,100.0,1.78,-13.82,1
M&M.NS,1.03,2.29,84.09,SMA,20/50,0.0,0.0,-0.37,-6.55,0
MANAPPURAM.NS,2.71,5.09,85.79,SMA,10/20,2.85,100.0,0.46,-10.64,1
MRPL.NS,4.03,4.18,92.5,SMA,10/20,0.0,0.0,0.32,-24.15,0
MANKIND.NS,1.78,4.29,85.39,SMA,10/20,1.47,100.0,-2.47,-14.08,1
MARICO.NS,1.14,1.8,90.02,SMA,12/26,1.55,100.0,0.98,-6.58,1
MARUTI.NS,1.22,5.59,71.34,EMA,50/100,3.29,100.0,-0.95,-8.8,1
MFSL.NS,1.1,3.5,78.38,SMA,10/20,0.0,0.0,1.03,-6.73,0
MAXHEALTH.NS,1.13,7.14,61.39,EMA,12/26,0.0,0.0,-2.98,-18.01,0
MAZDOCK.NS,1.33,8.22,54.99,EMA,20/50,0.0,0.0,-2.81,-17.6,0
METROPOLIS.NS,2.26,1.1,96.82,SMA,20/50,0.0,0.0,0.12,-8.55,0
MINDACORP.NS,1.45,10.78,55.39,EMA,50/200,3.1,100.0,-1.6,-13.75,1
MSUMI.NS,2.33,1.74,95.36,SMA,12/26,3.85,100.0,-0.36,-16.41,1
MOTILALOFS.NS,2.38,13.23,67.02,EMA,10/20,1.93,100.0,-2.95,-28.95,1
MPHASIS.NS,1.58,3.22,86.68,SMA,20/50,0.0,0.0,0.47,-8.13,0
MCX.NS,2.16,7.16,79.53,SMA,12/26,0.0,0.0,3.05,-5.38,0
MUTHOOTFIN.NS,1.2,2.68,83.81,SMA,10/20,0.0,0.0,2.6,-3.93,0
NATCOPHARM.NS,2.08,8.35,75.92,SMA,12/26,0.0,0.0,0.18,-13.33,0
NBCC.NS,1.93,16.76,43.36,EMA,20/50,6.94,50.0,-2.11,-22.36,2
NCC.NS,1.76,12.1,53.4,EMA,10/20,0.0,0.0,-5.73,-33.66,0
NHPC.NS,1.7,2.17,90.4,SMA,10/20,2.46,100.0,-2.5,-13.7,1
NLCINDIA.NS,2.2,0.91,97.09,SMA,12/26,2.42,100.0,-0.68,-11.69,1
NMDC.NS,2.02,3.43,88.32,SMA,12/26,0.38,100.0,0.2,-8.73,1
NSLNISP.NS,2.53,4.38,87.73,SMA,10/20,3.34,100.0,-1.23,-18.58,1
NTPCGREEN.NS,1.29,4.2,79.62,SMA,20/50,0.0,0.0,-2.48,-14.94,0
NTPC.NS,1.62,5.01,76.06,SMA,12/26,3.72,100.0,-1.13,-7.57,1
NH.NS,1.67,3.32,87.18,SMA,50/200,0.0,0.0,0.37,-11.22,0
NATIONALUM.NS,2.99,22.42,54.25,EMA,10/20,0.0,0.0,5.05,-5.42,0
NAVA.NS,1.92,5.57,81.9,SMA,20/50,0.75,100.0,-1.66,-18.6,1
NAVINFLUOR.NS,2.24,1.23,96.62,SMA,12/26,0.0,0.0,1.29,-8.42,0
NESTLEIND.NS,0.99,1.87,87.69,SMA,12/26,2.43,100.0,0.11,-6.06,1
NETWEB.NS,3.01,2.5,94.23,SMA,20/50,0.0,0.0,-1.44,-28.11,0
NEULANDLAB.NS,1.84,14.34,55.94,EMA,20/50,7.61,100.0,-2.23,-27.52,1
NEWGEN.NS,3.36,25.65,34.23,EMA,10/20,0.0,0.0,-2.73,-36.94,0
NAM-INDIA.NS,1.81,5.25,81.54,SMA,50/200,0.0,0.0,-1.5,-15.53,0
NIVABUPA.NS,1.24,1.4,90.85,SMA,10/20,1.94,100.0,0.5,-5.75,1
NUVAMA.NS,2.08,6.3,81.45,SMA,20/50,0.0,0.0,-0.06,-10.39,0
NUVOCO.NS,1.08,4.95,70.33,EMA,20/50,0.0,0.0,-2.98,-21.15,0
OBEROIRLTY.NS,2.09,10.15,61.7,EMA,10/20,7.4,100.0,-1.38,-16.37,2
ONGC.NS,1.56,3.68,84.6,SMA,12/26,2.13,100.0,0.84,-7.71,1
OIL.NS,2.08,6.03,82.16,SMA,10/20,2.51,100.0,0.81,-9.17,1
OLAELEC.NS,4.06,6.96,88.17,SMA,10/20,8.57,100.0,-4.19,-44.35,1
OLECTRA.NS,1.9,18.43,44.18,EMA,10/20,1.62,100.0,-4.09,-34.18,1
PAYTM.NS,1.82,6.7,74.67,EMA,20/50,-6.91,0.0,-0.12,-8.11,4
ONESOURCE.NS,1.44,5.01,79.03,SMA,12/26,1.52,100.0,-1.4,-18.4,1
OFSS.NS,1.94,1.39,94.59,SMA,10/20,0.0,0.0,-1.3,-12.05,0
POLICYBZR.NS,1.35,13.18,43.68,EMA,10/20,0.0,0.0,0.36,-17.23,0
PCBL.NS,2.05,12.97,58.36,EMA,10/20,0.0,0.0,-5.07,-28.82,0
PGEL.NS,2.17,8.36,73.65,EMA,10/20,2.14,50.0,-0.92,-15.48,2
PIIND.NS,1.1,3.28,81.12,SMA,10/20,1.57,100.0,-2.15,-17.4,1
PNBHOUSING.NS,1.66,3.7,85.04,SMA,12/26,0.09,100.0,1.1,-7.67,1
PTCIL.NS,1.64,2.18,90.35,SMA,12/26,0.0,0.0,0.91,-10.59,0
PVRINOX.NS,2.3,7.37,80.46,SMA,10/20,0.0,0.0,-2.39,-23.51,0
PAGEIND.NS,1.14,9.78,42.51,EMA,10/20,0.0,0.0,-5.23,-20.46,0
PATANJALI.NS,1.64,7.71,64.57,EMA,20/50,2.05,100.0,-2.58,-17.4,1
PERSISTENT.NS,1.51,1.74,92.51,SMA,20/50,0.0,0.0,1.32,-7.47,0
PETRONET.NS,1.44,1.85,91.26,SMA,10/20,0.84,50.0,0.63,-7.3,2
PFIZER.NS,1.03,8.46,55.36,EMA,12/26,0.0,0.0,-4.12,-13.85,0
PHOENIXLTD.NS,1.23,5.76,68.29,EMA,12/26,0.0,0.0,1.22,-10.46,0
PIDILITIND.NS,1.11,1.71,89.27,SMA,50/200,0.0,0.0,-1.83,-7.19,0
PPLPHARMA.NS,1.95,12.52,54.49,EMA,12/26,0.0,0.0,-3.65,-24.01,0
POLYMED.NS,2.02,11.95,65.34,EMA,10/20,-1.69,0.0,-2.11,-22.42,2
POLYCAB.NS,1.91,8.59,69.99,EMA,12/26,-2.29,33.33,-1.27,-11.68,3
POONAWALLA.NS,1.88,6.3,77.64,SMA,20/50,0.0,0.0,-1.85,-14.62,0
PFC.NS,1.78,1.52,94.09,SMA,10/20,4.18,100.0,-1.9,-17.2,1
POWERGRID.NS,1.01,4.57,70.32,EMA,12/26,0.0,0.0,-2.35,-12.54,0
PRAJIND.NS,1.51,13.54,48.25,EMA,10/20,2.87,100.0,-2.22,-18.2,1
PREMIERENE.NS,2.19,19.79,42.6,EMA,10/20,0.0,0.0,-4.47,-35.35,0
PRESTIGE.NS,1.93,11.06,63.48,EMA,10/20,0.0,0.0,-2.39,-20.18,0
PGHH.NS,0.65,8.16,34.3,EMA,20/50,0.0,0.0,-4.5,-14.01,0
PNB.NS,1.56,2.53,88.26,SMA,20/50,3.64,100.0,0.8,-7.46,1
RRKABEL.NS,1.45,7.39,70.09,EMA,10/20,4.94,100.0,1.0,-8.4,1
RBLBANK.NS,2.3,2.76,91.34,SMA,10/20,0.67,100.0,-1.13,-10.52,1
RECLTD.NS,1.77,0.3,98.83,SMA,10/20,4.93,100.0,-0.9,-13.38,1
RHIM.NS,2.15,6.6,80.44,SMA,10/20,3.21,100.0,-0.81,-14.26,1
RITES.NS,1.91,9.75,67.58,EMA,10/20,2.18,50.0,-2.34,-16.37,2
RADICO.NS,2.62,13.31,69.44,EMA,50/200,0.0,0.0,-1.65,-18.44,0
RVNL.NS,3.49,8.27,80.14,SMA,20/50,0.0,0.0,-0.32,-18.26,0
RAILTEL.NS,2.33,8.24,75.34,SMA,12/26,7.09,100.0,-2.22,-17.64,1
RAINBOW.NS,0.95,11.37,22.82,EMA,50/200,0.0,0.0,-2.59,-13.35,0
RKFORGE.NS,1.51,4.41,82.88,SMA,20/50,0.0,0.0,-1.41,-14.12,0
RCF.NS,1.51,9.68,59.79,EMA,20/50,0.88,100.0,-2.32,-16.59,1
REDINGTON.NS,1.61,3.51,85.63,SMA,20/50,0.0,0.0,0.05,-12.65,0
RELIANCE.NS,1.51,9.86,53.22,EMA,10/20,-0.31,0.0,-0.87,-12.45,1
RELINFRA.NS,2.05,18.54,7.25,EMA,12/26,0.0,0.0,-3.29,-43.81,0
RPOWER.NS,2.23,22.41,42.66,EMA,10/20,0.0,0.0,-2.99,-36.39,0
SBFC.NS,2.08,4.47,84.72,SMA,10/20,0.0,0.0,-2.02,-16.08,0
SBICARD.NS,1.61,9.67,61.29,EMA,20/50,0.0,0.0,-2.95,-16.33,0
SBILIFE.NS,0.87,1.48,89.42,SMA,20/50,0.0,0.0,3.05,-3.2,0
SJVN.NS,3.53,4.87,89.82,SMA,20/50,0.0,0.0,-2.28,-21.63,0
SKFINDIA.NS,1.55,1.04,94.6,SMA,12/26,1.71,100.0,-4.24,-22.36,1
SRF.NS,1.86,13.6,42.1,EMA,10/20,1.91,100.0,-2.37,-14.32,1
SAGILITY.NS,1.62,1.32,93.93,SMA,10/20,3.95,100.0,1.26,-11.86,1
SAILIFE.NS,2.17,10.26,70.67,EMA,12/26,-0.82,0.0,-1.15,-17.19,1
SAMMAANCAP.NS,1.61,2.37,90.64,SMA,20/50,0.0,0.0,-2.06,-27.38,0
MOTHERSON.NS,1.36,8.25,57.23,EMA,10/20,0.29,100.0,0.67,-11.94,1
SAPPHIRE.NS,2.6,20.32,50.43,EMA,10/20,2.71,100.0,-3.57,-31.66,1
SARDAEN.NS,2.12,13.75,60.31,EMA,50/200,0.0,0.0,-1.8,-17.26,0
SAREGAMA.NS,2.66,6.85,81.94,SMA,12/26,0.0,0.0,-3.17,-28.82,0
SCHAEFFLER.NS,1.33,5.67,69.77,EMA,10/20,-1.63,0.0,-2.88,-16.72,1
SCHNEIDER.NS,2.2,21.62,37.15,EMA,10/20,-1.02,0.0,-3.83,-34.92,1
SCI.NS,2.15,7.04,79.01,SMA,20/50,0.0,0.0,-0.93,-25.26,0
SHREECEM.NS,1.01,5.51,69.29,EMA,20/50,0.0,0.0,-1.05,-12.11,0
SHRIRAMFIN.NS,1.29,1.26,93.47,SMA,10/20,0.0,0.0,5.53,-4.6,0
SHYAMMETL.NS,1.49,3.47,84.48,SMA,12/26,3.48,100.0,-2.42,-14.86,1
ENRIN.NS,1.58,13.21,49.73,EMA,10/20,-3.31,0.0,-4.24,-32.79,2
SIEMENS.NS,1.57,6.89,71.76,EMA,12/26,-1.14,0.0,-0.88,-15.28,1
SIGNATURE.NS,2.63,21.82,30.54,EMA,50/200,-1.03,0.0,-2.23,-22.71,1
SOBHA.NS,2.65,9.38,71.97,EMA,20/50,2.56,100.0,-1.22,-20.54,1
SOLARINDS.NS,1.78,0.43,98.46,SMA,12/26,3.85,100.0,-2.14,-16.87,1
SONACOMS.NS,1.09,8.17,50.21,EMA,10/20,0.0,0.0,-0.59,-13.15,0
SONATSOFTW.NS,2.34,13.81,62.63,EMA,20/50,0.0,0.0,-1.79,-20.91,0
STARHEALTH.NS,1.18,3.87,80.86,SMA,10/20,0.0,0.0,-2.42,-16.74,0
SBIN.NS,0.82,6.16,54.79,EMA,10/20,2.28,100.0,3.43,-3.64,1
SAIL.NS,2.29,11.07,69.41,EMA,10/20,6.89,100.0,0.37,-13.0,2
SUMICHEM.NS,1.39,9.32,57.55,EMA,10/20,1.97,100.0,-4.37,-21.16,1
SUNPHARMA.NS,1.22,7.14,56.24,EMA,10/20,2.28,50.0,-1.26,-11.94,2
SUNTV.NS,1.35,5.49,73.85,EMA,12/26,-0.66,50.0,-1.22,-9.2,2
SUNDARMFIN.NS,1.65,0.99,96.17,SMA,12/26,2.62,100.0,2.11,-5.96,1
SUNDRMFAST.NS,0.9,1.32,91.28,SMA,10/20,0.0,0.0,-0.9,-6.86,0
SUPREMEIND.NS,1.55,0.86,96.1,SMA,12/26,0.41,100.0,-3.53,-22.91,1
SUZLON.NS,1.64,14.58,44.42,EMA,10/20,3.35,100.0,-3.07,-24.1,1
SWANCORP.NS,2.0,13.68,55.05,EMA,10/20,4.96,100.0,-1.15,-16.46,2
SWIGGY.NS,1.6,16.37,40.4,EMA,20/50,0.0,0.0,-3.04,-24.53,0
SYNGENE.NS,1.24,8.76,49.21,EMA,50/200,-0.15,0.0,-0.72,-8.82,1
SYRMA.NS,2.06,12.77,58.19,EMA,50/200,5.51,100.0,-3.1,-29.12,1
TBOTEK.NS,1.59,14.58,46.98,EMA,50/200,1.37,100.0,-0.93,-15.92,1
TVSMOTOR.NS,1.26,1.72,91.08,SMA,10/20,3.08,100.0,-1.05,-7.43,1
TATACHEM.NS,2.0,9.36,70.06,EMA,10/20,0.0,0.0,-4.66,-24.0,0
TATACOMM.NS,1.56,8.67,55.06,EMA,12/26,0.0,0.0,-2.59,-16.66,0
TCS.NS,1.34,4.21,80.55,SMA,10/20,0.0,0.0,1.33,-5.0,0
TATACONSUM.NS,1.25,1.32,93.52,SMA,20/50,1.43,100.0,-0.0,-4.8,1
TATAELXSI.NS,2.83,0.74,97.81,SMA,50/200,0.0,0.0,0.15,-12.94,0
TATAINVEST.NS,1.16,12.9,36.85,EMA,10/20,0.0,0.0,-5.77,-29.11,0
TMPV.NS,1.16,6.61,65.39,EMA,20/50,0.0,0.0,-3.21,-18.98,0
TATAPOWER.NS,1.35,7.99,62.3,EMA,20/50,-1.16,0.0,-2.58,-14.75,1
TATASTEEL.NS,1.6,8.43,65.99,EMA,10/20,5.54,100.0,1.23,-13.24,1
TATATECH.NS,1.81,2.95,88.4,SMA,20/50,0.0,0.0,-1.06,-8.9,0
TTML.NS,1.15,16.13,29.47,EMA,10/20,0.0,0.0,-2.06,-23.67,0
TECHM.NS,1.79,3.38,86.04,SMA,10/20,0.29,50.0,3.02,-5.24,2
TECHNOE.NS,1.93,17.86,52.4,EMA,10/20,0.0,0.0,-5.28,-33.12,0
TEJASNET.NS,2.72,27.75,26.63,EMA,10/20,0.0,0.0,-4.87,-40.54,0
NIACL.NS,1.22,5.19,71.96,EMA,10/20,-3.34,0.0,-4.55,-25.27,1
RAMCOCEM.NS,1.0,3.32,78.53,SMA,12/26,0.0,0.0,1.05,-7.44,0
THERMAX.NS,1.14,0.08,99.54,SMA,12/26,2.22,100.0,-1.76,-16.31,1
TIMKEN.NS,1.4,0.55,97.6,SMA,12/26,0.0,0.0,0.72,-6.97,0
TITAGARH.NS,2.12,9.3,71.93,EMA,10/20,5.79,100.0,-2.36,-18.71,2
TITAN.NS,1.27,4.35,73.82,SMA,10/20,1.48,100.0,2.24,-4.63,1
TORNTPHARM.NS,1.43,3.85,80.63,SMA,12/26,0.0,0.0,2.05,-3.79,0
TORNTPOWER.NS,2.0,1.51,94.8,SMA,50/200,0.0,0.0,-0.09,-7.72,0
TARIL.NS,4.18,19.28,69.86,EMA,10/20,8.33,100.0,-3.48,-54.06,1
TRENT.NS,2.42,12.24,59.92,EMA,50/200,0.0,0.0,-2.99,-21.55,0
TRIDENT.NS,1.42,9.25,55.56,EMA,20/50,0.0,0.0,-2.72,-15.36,0
TRIVENI.NS,1.26,18.03,26.38,EMA,20/50,4.37,50.0,-0.69,-18.03,2
TRITURBINE.NS,1.21,13.92,23.66,EMA,50/200,-2.04,0.0,-2.09,-14.62,1
TIINDIA.NS,1.3,12.49,46.68,EMA,10/20,0.0,0.0,-5.54,-29.11,0
UCOBANK.NS,1.46,0.17,99.13,SMA,20/50,0.0,0.0,-1.95,-15.16,0
UNOMINDA.NS,1.58,12.68,50.3,EMA,50/200,-0.7,0.0,-0.87,-16.18,1
UPL.NS,2.29,10.48,58.98,EMA,10/20,2.97,100.0,0.0,-14.11,1
UTIAMC.NS,1.56,8.85,65.4,EMA,10/20,0.0,0.0,-4.7,-22.85,0
ULTRACEMCO.NS,1.0,3.97,75.34,SMA,12/26,1.0,100.0,-0.18,-8.3,1
UNIONBANK.NS,2.28,14.4,54.02,EMA,10/20,2.36,100.0,2.64,-5.27,2
UBL.NS,0.98,10.51,33.93,EMA,10/20,0.0,0.0,-5.38,-21.2,0
UNITDSPR.NS,1.15,8.45,54.52,EMA,12/26,4.57,100.0,-0.66,-9.65,1
USHAMART.NS,1.51,10.49,60.77,EMA,20/50,0.29,50.0,-1.64,-14.28,2
VGUARD.NS,1.37,6.52,68.34,EMA,10/20,0.0,0.0,-3.16,-20.83,0
DBREALTY.NS,1.94,16.97,50.93,EMA,10/20,-3.59,0.0,-4.16,-35.61,1
VTL.NS,1.22,9.27,49.76,EMA,10/20,1.28,100.0,-0.05,-13.29,1
VBL.NS,1.32,0.07,99.64,SMA,20/50,0.0,0.0,0.68,-9.96,0
MANYAVAR.NS,1.2,16.42,28.11,EMA,10/20,0.0,0.0,-5.92,-30.05,0
VEDL.NS,1.86,13.12,49.33,EMA,10/20,0.0,0.0,5.25,-6.5,0
VENTIVE.NS,1.72,2.4,90.69,SMA,10/20,0.95,50.0,-1.08,-8.9,2
VIJAYA.NS,1.35,2.84,88.02,SMA,20/50,0.0,0.0,-0.06,-10.72,0
VMM.NS,1.07,10.5,39.16,EMA,12/26,0.0,0.0,-3.43,-17.45,0
IDEA.NS,3.53,15.81,65.13,EMA,10/20,0.0,0.0,1.1,-16.09,0
VOLTAS.NS,2.03,7.46,74.94,EMA,50/200,0.0,0.0,-1.61,-14.39,0
WAAREEENER.NS,1.77,21.47,32.09,EMA,10/20,0.0,0.0,-4.86,-32.53,0
WELCORP.NS,2.5,7.46,78.33,SMA,10/20,0.0,0.0,-1.35,-23.7,0
WELSPUNLIV.NS,2.13,13.15,60.67,EMA,12/26,0.0,0.0,-0.18,-24.07,0
WHIRLPOOL.NS,1.4,14.76,40.52,EMA,50/200,0.0,0.0,-6.05,-44.78,0
WIPRO.NS,2.28,10.64,61.99,EMA,10/20,0.14,100.0,0.07,-12.15,1
WOCKPHARMA.NS,2.43,6.15,83.25,SMA,12/26,0.0,0.0,0.13,-12.65,0
YESBANK.NS,2.05,0.14,99.51,SMA,50/200,0.0,0.0,-0.68,-7.83,0
ZFCVINDIA.NS,1.33,6.95,66.45,EMA,10/20,2.45,100.0,0.78,-11.75,1
ZEEL.NS,1.41,11.15,45.63,EMA,10/20,0.0,0.0,-3.86,-22.85,0
ZENTEC.NS,2.38,5.79,81.35,SMA,12/26,0.0,0.0,-0.67,-15.27,0
ZENSARTECH.NS,1.27,5.58,71.87,EMA,12/26,0.0,0.0,-1.59,-14.12,0
ZYDUSLIFE.NS,1.04,4.53,71.64,EMA,10/20,0.0,0.0,-3.31,-14.38,0
ECLERX.NS,2.15,12.25,62.81,EMA,12/26,0.13,66.67,-0.43,-14.5,3
